{"stats":{"minecraft:custom":{"minecraft:time_since_rest":45180,"minecraft:waystone_activated":2,"minecraft:sprint_one_cm":61259,"minecraft:walk_one_cm":349459,"minecraft:drop":9,"minecraft:damage_dealt":10,"minecraft:fly_one_cm":605232,"minecraft:open_barrel":3,"minecraft:open_chest":1,"minecraft:crouch_one_cm":11676,"minecraft:play_time":55705,"minecraft:sneak_time":4128,"minecraft:jump":135,"minecraft:interact_with_blast_furnace":1,"minecraft:leave_game":2,"minecraft:total_world_time":55705,"minecraft:time_since_death":55705,"minecraft:sleep_in_bed":1,"minecraft:climb_one_cm":452},"minecraft:dropped":{"minecraft:birch_planks":1,"minecraft:oak_trapdoor":1,"minecraft:spruce_trapdoor":1,"minecraft:oak_fence":1,"minecraft:stripped_birch_log":1,"minecraft:spruce_slab":1,"minecraft:spruce_fence":1,"minecraft:birch_stairs":1,"minecraft:spruce_fence_gate":1},"minecraft:picked_up":{"swem:timothy_seeds":6,"minecraft:oak_fence":1,"minecraft:spruce_fence":1,"minecraft:birch_planks":1,"minecraft:birch_stairs":1,"minecraft:oak_trapdoor":1,"minecraft:stripped_birch_log":1,"minecraft:spruce_fence_gate":1,"minecraft:wheat_seeds":3,"swem:alfalfa_seeds":3,"minecraft:spruce_slab":1,"swem:oat_seeds":4,"minecraft:spruce_trapdoor":1},"minecraft:used":{"minecraft:oak_log":101,"minecraft:oak_fence":28,"minecraft:sea_lantern":26,"minecraft:birch_planks":78,"minecraft:oak_stairs":191,"minecraft:grass_block":744,"minecraft:spruce_slab":172,"minecraft:oak_planks":7,"waystones:mossy_waystone":1,"minecraft:spruce_planks":142,"minecraft:torch":5,"minecraft:diamond_block":6,"minecraft:dirt":52,"minecraft:spruce_stairs":125,"minecraft:white_bed":1,"minecraft:stripped_oak_log":277,"minecraft:spruce_fence":6,"minecraft:spruce_log":44,"minecraft:stripped_spruce_log":217}},"DataVersion":3465}