{"stats":{"minecraft:custom":{"minecraft:time_since_rest":21180,"minecraft:waystone_activated":2,"minecraft:sprint_one_cm":16172,"minecraft:walk_one_cm":162347,"minecraft:drop":9,"minecraft:damage_dealt":10,"minecraft:fly_one_cm":514346,"minecraft:open_barrel":3,"minecraft:open_chest":1,"minecraft:crouch_one_cm":7781,"minecraft:play_time":31705,"minecraft:sneak_time":3031,"minecraft:jump":82,"minecraft:interact_with_blast_furnace":1,"minecraft:leave_game":2,"minecraft:total_world_time":31705,"minecraft:time_since_death":31705,"minecraft:sleep_in_bed":1,"minecraft:climb_one_cm":452},"minecraft:dropped":{"minecraft:birch_planks":1,"minecraft:oak_trapdoor":1,"minecraft:spruce_trapdoor":1,"minecraft:oak_fence":1,"minecraft:stripped_birch_log":1,"minecraft:spruce_slab":1,"minecraft:spruce_fence":1,"minecraft:birch_stairs":1,"minecraft:spruce_fence_gate":1},"minecraft:picked_up":{"swem:timothy_seeds":6,"minecraft:oak_fence":1,"minecraft:spruce_fence":1,"minecraft:birch_planks":1,"minecraft:birch_stairs":1,"minecraft:oak_trapdoor":1,"minecraft:stripped_birch_log":1,"minecraft:spruce_fence_gate":1,"minecraft:wheat_seeds":3,"swem:alfalfa_seeds":3,"minecraft:spruce_slab":1,"swem:oat_seeds":4,"minecraft:spruce_trapdoor":1},"minecraft:used":{"minecraft:oak_log":36,"minecraft:oak_fence":12,"minecraft:oak_stairs":45,"minecraft:grass_block":742,"minecraft:spruce_slab":17,"waystones:mossy_waystone":1,"minecraft:spruce_planks":22,"minecraft:torch":5,"minecraft:diamond_block":5,"minecraft:dirt":52,"minecraft:spruce_stairs":53,"minecraft:white_bed":1,"minecraft:stripped_oak_log":54,"minecraft:spruce_fence":4,"minecraft:spruce_log":35,"minecraft:stripped_spruce_log":84}},"DataVersion":3465}