{"stats":{"minecraft:custom":{"minecraft:time_since_rest":33180,"minecraft:waystone_activated":2,"minecraft:sprint_one_cm":24186,"minecraft:walk_one_cm":246956,"minecraft:drop":9,"minecraft:damage_dealt":10,"minecraft:fly_one_cm":566528,"minecraft:open_barrel":3,"minecraft:open_chest":1,"minecraft:crouch_one_cm":10179,"minecraft:play_time":43705,"minecraft:sneak_time":3625,"minecraft:jump":102,"minecraft:interact_with_blast_furnace":1,"minecraft:leave_game":2,"minecraft:total_world_time":43705,"minecraft:time_since_death":43705,"minecraft:sleep_in_bed":1,"minecraft:climb_one_cm":452},"minecraft:dropped":{"minecraft:birch_planks":1,"minecraft:oak_trapdoor":1,"minecraft:spruce_trapdoor":1,"minecraft:oak_fence":1,"minecraft:stripped_birch_log":1,"minecraft:spruce_slab":1,"minecraft:spruce_fence":1,"minecraft:birch_stairs":1,"minecraft:spruce_fence_gate":1},"minecraft:picked_up":{"swem:timothy_seeds":6,"minecraft:oak_fence":1,"minecraft:spruce_fence":1,"minecraft:birch_planks":1,"minecraft:birch_stairs":1,"minecraft:oak_trapdoor":1,"minecraft:stripped_birch_log":1,"minecraft:spruce_fence_gate":1,"minecraft:wheat_seeds":3,"swem:alfalfa_seeds":3,"minecraft:spruce_slab":1,"swem:oat_seeds":4,"minecraft:spruce_trapdoor":1},"minecraft:used":{"minecraft:oak_log":58,"minecraft:oak_fence":15,"minecraft:birch_planks":42,"minecraft:oak_stairs":114,"minecraft:grass_block":744,"minecraft:spruce_slab":25,"minecraft:oak_planks":7,"waystones:mossy_waystone":1,"minecraft:spruce_planks":81,"minecraft:torch":5,"minecraft:diamond_block":6,"minecraft:dirt":52,"minecraft:spruce_stairs":90,"minecraft:white_bed":1,"minecraft:stripped_oak_log":226,"minecraft:spruce_fence":4,"minecraft:spruce_log":43,"minecraft:stripped_spruce_log":187}},"DataVersion":3465}