{"stats":{"minecraft:killed":{"minecraft:slime":31},"minecraft:custom":{"minecraft:interact_with_smithing_table":1,"minecraft:mob_kills":31,"minecraft:open_barrel":3,"minecraft:leave_game":8,"minecraft:time_since_death":414,"minecraft:sleep_in_bed":1,"minecraft:climb_one_cm":527,"minecraft:time_since_rest":1,"minecraft:waystone_activated":2,"minecraft:sprint_one_cm":215241,"minecraft:damage_taken":57,"minecraft:walk_one_cm":637239,"minecraft:drop":52,"minecraft:damage_dealt":1062,"minecraft:damage_dealt_absorbed":184,"minecraft:fly_one_cm":1452950,"minecraft:open_chest":1,"minecraft:crouch_one_cm":17881,"minecraft:play_time":147094,"minecraft:deaths":10,"minecraft:sneak_time":7468,"minecraft:jump":454,"minecraft:interact_with_blast_furnace":1,"minecraft:walk_on_water_one_cm":10122,"minecraft:total_world_time":147094,"minecraft:fall_one_cm":267},"minecraft:used":{"minecraft:oak_fence":57,"minecraft:light_blue_stained_glass_pane":22,"minecraft:birch_planks":78,"minecraft:spruce_slab":216,"minecraft:oak_planks":7,"minecraft:spruce_planks":571,"minecraft:torch":5,"minecraft:diamond_block":12,"minecraft:dirt":53,"minecraft:oak_slab":11,"minecraft:spruce_stairs":210,"minecraft:white_bed":1,"minecraft:spruce_fence":6,"minecraft:spruce_log":44,"minecraft:stripped_spruce_log":241,"minecraft:oak_log":331,"minecraft:sea_lantern":57,"minecraft:lantern":17,"minecraft:grass_block":898,"minecraft:oak_stairs":260,"minecraft:bread":1,"waystones:mossy_waystone":1,"travelersbackpack:standard":1,"minecraft:smithing_table":1,"tombstone:gift":1,"minecraft:stripped_oak_log":423,"swem:sword_amethyst":24},"minecraft:dropped":{"minecraft:enchanted_book":1,"minecraft:bread":640,"minecraft:stripped_spruce_log":2,"minecraft:birch_planks":1,"minecraft:diamond_block":3,"minecraft:oak_trapdoor":1,"minecraft:oak_log":3,"minecraft:oak_fence":1,"tombstone:gift":1,"minecraft:lantern":3,"minecraft:stripped_oak_log":3,"minecraft:spruce_stairs":2,"travelersbackpack:standard":9,"minecraft:spruce_fence":1,"minecraft:grass_block":3,"evilcraft:flesh_humanoid":1,"minecraft:spruce_fence_gate":1,"minecraft:sea_lantern":3,"minecraft:spruce_trapdoor":1,"minecraft:spruce_planks":3,"minecraft:stripped_birch_log":1,"minecraft:oak_stairs":2,"minecraft:spruce_slab":3,"minecraft:birch_stairs":1},"minecraft:picked_up":{"minecraft:stripped_oak_log":3,"swem:timothy_seeds":9,"minecraft:oak_stairs":2,"minecraft:birch_planks":1,"minecraft:enchanted_book":1,"minecraft:oak_log":3,"evilcraft:flesh_humanoid":2,"minecraft:stripped_birch_log":1,"minecraft:dirt":1,"minecraft:oak_trapdoor":1,"minecraft:lantern":5,"tombstone:gift":1,"minecraft:bone":1,"minecraft:wheat_seeds":5,"minecraft:spruce_planks":3,"minecraft:spruce_slab":3,"swem:oat_seeds":5,"minecraft:spruce_trapdoor":1,"minecraft:oak_fence":1,"minecraft:spruce_stairs":2,"minecraft:spruce_fence":1,"minecraft:birch_stairs":1,"minecraft:stripped_spruce_log":2,"minecraft:grass_block":3,"minecraft:diamond_block":3,"minecraft:sea_lantern":3,"travelersbackpack:standard":7,"minecraft:spruce_fence_gate":1,"minecraft:slime_ball":10,"swem:alfalfa_seeds":5},"minecraft:mined":{"minecraft:grass_block":1,"minecraft:grass":1},"minecraft:crafted":{"travelersbackpack:standard":2}},"DataVersion":3465}