{"stats":{"minecraft:used":{"minecraft:grass_block":144},"minecraft:custom":{"minecraft:open_barrel":3,"minecraft:open_chest":1,"minecraft:time_since_rest":8501,"minecraft:damage_dealt":10,"minecraft:waystone_activated":1,"minecraft:crouch_one_cm":1690,"minecraft:interact_with_blast_furnace":1,"minecraft:leave_game":2,"minecraft:play_time":8501,"minecraft:sprint_one_cm":5336,"minecraft:time_since_death":8501,"minecraft:walk_one_cm":27256,"minecraft:sneak_time":1562,"minecraft:total_world_time":8501,"minecraft:climb_one_cm":452,"minecraft:fly_one_cm":400471,"minecraft:jump":18}},"DataVersion":3465}