{"stats":{"minecraft:custom":{"minecraft:time_since_rest":80383,"minecraft:waystone_activated":2,"minecraft:sprint_one_cm":130353,"minecraft:walk_one_cm":477984,"minecraft:drop":9,"minecraft:damage_dealt":10,"minecraft:fly_one_cm":1047529,"minecraft:open_barrel":3,"minecraft:open_chest":1,"minecraft:crouch_one_cm":14477,"minecraft:play_time":90908,"minecraft:sneak_time":5379,"minecraft:jump":267,"minecraft:interact_with_blast_furnace":1,"minecraft:leave_game":4,"minecraft:time_since_death":90908,"minecraft:climb_one_cm":452,"minecraft:sleep_in_bed":1,"minecraft:total_world_time":90908},"minecraft:dropped":{"minecraft:birch_planks":1,"minecraft:oak_trapdoor":1,"minecraft:spruce_trapdoor":1,"minecraft:oak_fence":1,"minecraft:stripped_birch_log":1,"minecraft:spruce_slab":1,"minecraft:spruce_fence":1,"minecraft:birch_stairs":1,"minecraft:spruce_fence_gate":1},"minecraft:picked_up":{"swem:timothy_seeds":7,"minecraft:oak_fence":1,"minecraft:birch_planks":1,"minecraft:spruce_fence":1,"minecraft:birch_stairs":1,"minecraft:oak_trapdoor":1,"minecraft:stripped_birch_log":1,"minecraft:lantern":1,"minecraft:spruce_fence_gate":1,"minecraft:wheat_seeds":4,"swem:alfalfa_seeds":4,"minecraft:spruce_slab":1,"swem:oat_seeds":5,"minecraft:spruce_trapdoor":1},"minecraft:used":{"minecraft:oak_log":129,"minecraft:oak_fence":57,"minecraft:light_blue_stained_glass_pane":22,"minecraft:sea_lantern":30,"minecraft:oak_stairs":242,"minecraft:grass_block":895,"minecraft:birch_planks":78,"minecraft:lantern":17,"minecraft:spruce_slab":209,"minecraft:oak_planks":7,"waystones:mossy_waystone":1,"minecraft:spruce_planks":290,"minecraft:torch":5,"minecraft:diamond_block":6,"minecraft:dirt":52,"minecraft:oak_slab":11,"minecraft:spruce_stairs":151,"minecraft:white_bed":1,"minecraft:stripped_oak_log":284,"minecraft:spruce_fence":6,"minecraft:spruce_log":44,"minecraft:stripped_spruce_log":236}},"DataVersion":3465}