{"stats":{"minecraft:custom":{"minecraft:jump":11,"minecraft:open_chest":1,"minecraft:time_since_rest":3272,"minecraft:crouch_one_cm":158,"minecraft:sprint_one_cm":1123,"minecraft:play_time":16439,"minecraft:deaths":1,"minecraft:time_since_death":5671,"minecraft:walk_one_cm":9271,"minecraft:sleep_in_bed":1,"minecraft:sneak_time":1910,"minecraft:total_world_time":16439,"minecraft:fly_one_cm":806961},"minecraft:used":{"minecraft:white_bed":2},"minecraft:picked_up":{"swem:alfalfa_seeds":2,"swem:timothy_seeds":1,"swem:oat_seeds":1,"minecraft:wheat_seeds":1}},"DataVersion":3465}