{"stats":{"minecraft:custom":{"minecraft:interact_with_smithing_table":1,"minecraft:mob_kills":31,"minecraft:open_barrel":3,"minecraft:leave_game":7,"minecraft:time_since_death":5333,"minecraft:sleep_in_bed":1,"minecraft:climb_one_cm":527,"minecraft:time_since_rest":5083,"minecraft:waystone_activated":2,"minecraft:sprint_one_cm":215001,"minecraft:walk_one_cm":636914,"minecraft:damage_taken":57,"minecraft:drop":41,"minecraft:damage_dealt":1062,"minecraft:damage_dealt_absorbed":184,"minecraft:fly_one_cm":1399128,"minecraft:open_chest":1,"minecraft:crouch_one_cm":17807,"minecraft:play_time":144428,"minecraft:deaths":9,"minecraft:sneak_time":7315,"minecraft:jump":450,"minecraft:interact_with_blast_furnace":1,"minecraft:walk_on_water_one_cm":10122,"minecraft:total_world_time":144428,"minecraft:fall_one_cm":267},"minecraft:killed":{"minecraft:slime":31},"minecraft:crafted":{"travelersbackpack:standard":2},"minecraft:used":{"minecraft:oak_fence":57,"minecraft:light_blue_stained_glass_pane":22,"minecraft:birch_planks":78,"minecraft:spruce_slab":216,"minecraft:oak_planks":7,"minecraft:spruce_planks":550,"minecraft:torch":5,"minecraft:diamond_block":12,"minecraft:dirt":53,"minecraft:oak_slab":11,"minecraft:spruce_stairs":210,"minecraft:white_bed":1,"minecraft:spruce_fence":6,"minecraft:spruce_log":44,"minecraft:stripped_spruce_log":241,"minecraft:oak_log":331,"minecraft:sea_lantern":57,"minecraft:lantern":17,"minecraft:grass_block":898,"minecraft:oak_stairs":260,"minecraft:bread":1,"waystones:mossy_waystone":1,"travelersbackpack:standard":1,"minecraft:smithing_table":1,"tombstone:gift":1,"minecraft:stripped_oak_log":393,"swem:sword_amethyst":24},"minecraft:mined":{"minecraft:grass_block":1,"minecraft:grass":1},"minecraft:picked_up":{"minecraft:stripped_oak_log":2,"swem:timothy_seeds":9,"minecraft:oak_stairs":1,"minecraft:birch_planks":1,"minecraft:enchanted_book":1,"minecraft:oak_log":2,"evilcraft:flesh_humanoid":2,"minecraft:oak_trapdoor":1,"minecraft:stripped_birch_log":1,"minecraft:dirt":1,"minecraft:lantern":4,"tombstone:gift":1,"minecraft:bone":1,"minecraft:wheat_seeds":5,"minecraft:spruce_planks":2,"minecraft:spruce_slab":2,"swem:oat_seeds":5,"minecraft:spruce_trapdoor":1,"minecraft:oak_fence":1,"minecraft:spruce_stairs":1,"minecraft:spruce_fence":1,"minecraft:birch_stairs":1,"minecraft:stripped_spruce_log":1,"minecraft:grass_block":2,"minecraft:diamond_block":2,"minecraft:sea_lantern":2,"travelersbackpack:standard":7,"minecraft:spruce_fence_gate":1,"minecraft:slime_ball":10,"swem:alfalfa_seeds":5},"minecraft:dropped":{"minecraft:enchanted_book":1,"minecraft:bread":640,"minecraft:stripped_spruce_log":1,"minecraft:birch_planks":1,"minecraft:diamond_block":2,"minecraft:oak_trapdoor":1,"minecraft:oak_log":2,"minecraft:oak_fence":1,"tombstone:gift":1,"minecraft:lantern":2,"minecraft:stripped_oak_log":2,"minecraft:spruce_stairs":1,"travelersbackpack:standard":9,"minecraft:spruce_fence":1,"evilcraft:flesh_humanoid":1,"minecraft:grass_block":2,"minecraft:spruce_fence_gate":1,"minecraft:sea_lantern":2,"minecraft:spruce_trapdoor":1,"minecraft:spruce_planks":2,"minecraft:stripped_birch_log":1,"minecraft:oak_stairs":1,"minecraft:spruce_slab":2,"minecraft:birch_stairs":1}},"DataVersion":3465}