{"stats":{"minecraft:killed":{"minecraft:slime":31},"minecraft:custom":{"minecraft:interact_with_smithing_table":1,"minecraft:mob_kills":31,"minecraft:open_barrel":7,"minecraft:leave_game":11,"minecraft:time_since_death":76716,"minecraft:sleep_in_bed":3,"minecraft:climb_one_cm":2886,"minecraft:time_since_rest":8741,"minecraft:waystone_activated":3,"minecraft:sprint_one_cm":323551,"minecraft:damage_taken":177,"minecraft:walk_one_cm":837497,"minecraft:drop":69,"minecraft:damage_dealt":1072,"minecraft:damage_dealt_absorbed":184,"minecraft:swim_one_cm":5087,"minecraft:fly_one_cm":2069368,"minecraft:open_chest":13,"minecraft:crouch_one_cm":26649,"minecraft:play_time":242503,"minecraft:deaths":14,"minecraft:sneak_time":12913,"minecraft:walk_under_water_one_cm":254,"minecraft:jump":769,"minecraft:interact_with_blast_furnace":2,"minecraft:walk_on_water_one_cm":13027,"minecraft:total_world_time":242503,"minecraft:fall_one_cm":4815},"minecraft:dropped":{"minecraft:enchanted_book":1,"minecraft:bread":640,"minecraft:stripped_spruce_log":3,"minecraft:birch_planks":1,"minecraft:wheat_seeds":2,"minecraft:diamond_block":4,"minecraft:oak_trapdoor":1,"minecraft:oak_log":4,"minecraft:oak_fence":1,"tombstone:gift":1,"minecraft:lantern":4,"minecraft:stripped_oak_log":4,"minecraft:quartz_bricks":1,"minecraft:quartz_pillar":1,"minecraft:spruce_stairs":3,"travelersbackpack:standard":9,"minecraft:spruce_fence":1,"minecraft:grass_block":4,"evilcraft:flesh_humanoid":1,"minecraft:spruce_fence_gate":1,"swem:timothy_seeds":1,"minecraft:sea_lantern":4,"minecraft:spruce_planks":4,"minecraft:spruce_trapdoor":1,"minecraft:quartz_block":1,"minecraft:smooth_quartz":1,"minecraft:stripped_birch_log":1,"minecraft:oak_stairs":3,"minecraft:spruce_slab":4,"minecraft:birch_stairs":1},"minecraft:picked_up":{"minecraft:stripped_oak_log":4,"swem:timothy_seeds":10,"minecraft:brown_bed":2,"minecraft:potato":2,"biomesoplenty:orange_autumn_sapling":1,"minecraft:oak_stairs":3,"minecraft:birch_planks":1,"minecraft:enchanted_book":1,"minecraft:oak_log":4,"evilcraft:flesh_humanoid":2,"minecraft:stripped_birch_log":1,"minecraft:dirt":1,"minecraft:oak_trapdoor":1,"minecraft:lantern":6,"tombstone:gift":1,"minecraft:bone":1,"minecraft:apple":20,"minecraft:wheat_seeds":7,"minecraft:spruce_planks":4,"minecraft:poppy":1,"minecraft:smooth_quartz":1,"minecraft:spruce_slab":4,"swem:oat_seeds":5,"minecraft:spruce_trapdoor":1,"minecraft:oak_fence":1,"minecraft:spruce_stairs":3,"minecraft:spruce_fence":1,"minecraft:birch_stairs":1,"minecraft:quartz_pillar":1,"minecraft:stripped_spruce_log":3,"minecraft:blast_furnace":1,"minecraft:grass_block":4,"minecraft:diamond_block":4,"minecraft:sea_lantern":4,"minecraft:quartz_bricks":1,"minecraft:quartz_block":1,"travelersbackpack:standard":7,"minecraft:spruce_fence_gate":1,"minecraft:slime_ball":10,"minecraft:hay_block":29,"swem:alfalfa_seeds":5,"minecraft:bread":5,"minecraft:oak_sapling":2,"minecraft:damaged_anvil":1,"minecraft:sponge":2},"minecraft:used":{"minecraft:oak_fence":290,"minecraft:quartz_bricks":3,"minecraft:light_blue_stained_glass_pane":72,"minecraft:damaged_anvil":1,"minecraft:birch_planks":78,"minecraft:spruce_slab":493,"minecraft:oak_planks":7,"minecraft:spruce_planks":753,"minecraft:torch":5,"minecraft:diamond_block":12,"minecraft:dirt":57,"minecraft:oak_slab":11,"minecraft:spruce_stairs":210,"minecraft:white_bed":2,"untamedwilds:bear_spawn_egg":7,"minecraft:chiseled_quartz_block":3,"minecraft:spruce_fence":6,"minecraft:light_blue_stained_glass":229,"minecraft:spruce_log":44,"minecraft:stripped_spruce_log":431,"minecraft:oak_log":418,"minecraft:sea_lantern":57,"minecraft:quartz_pillar":3,"minecraft:iron_pickaxe":21,"minecraft:lantern":17,"minecraft:oak_stairs":268,"minecraft:grass_block":903,"minecraft:bread":1,"waystones:mossy_waystone":1,"minecraft:quartz_block":3,"minecraft:smooth_quartz":3,"minecraft:barrel":19,"travelersbackpack:standard":1,"minecraft:smithing_table":1,"tombstone:gift":1,"minecraft:cooked_beef":2,"minecraft:stripped_oak_log":693,"swem:sword_amethyst":24,"minecraft:splash_potion":14,"minecraft:brown_bed":1},"minecraft:mined":{"minecraft:blast_furnace":1,"minecraft:grass_block":1,"minecraft:sponge":2,"minecraft:damaged_anvil":1,"biomesoplenty:sprout":1,"minecraft:hay_block":30,"minecraft:brown_bed":2,"minecraft:grass":5},"minecraft:crafted":{"travelersbackpack:standard":2}},"DataVersion":3465}