{"stats":{"minecraft:custom":{"minecraft:interact_with_smithing_table":1,"minecraft:time_since_rest":6372,"minecraft:waystone_activated":2,"minecraft:sprint_one_cm":209820,"minecraft:damage_taken":57,"minecraft:walk_one_cm":546920,"minecraft:mob_kills":31,"minecraft:drop":23,"minecraft:damage_dealt":1062,"minecraft:damage_dealt_absorbed":184,"minecraft:fly_one_cm":1327172,"minecraft:open_barrel":3,"minecraft:open_chest":1,"minecraft:crouch_one_cm":15754,"minecraft:play_time":128712,"minecraft:deaths":7,"minecraft:sneak_time":6329,"minecraft:jump":414,"minecraft:leave_game":6,"minecraft:interact_with_blast_furnace":1,"minecraft:time_since_death":6416,"minecraft:climb_one_cm":527,"minecraft:walk_on_water_one_cm":10122,"minecraft:sleep_in_bed":1,"minecraft:total_world_time":128712,"minecraft:fall_one_cm":267},"minecraft:killed":{"minecraft:slime":31},"minecraft:crafted":{"travelersbackpack:standard":2},"minecraft:used":{"minecraft:oak_log":218,"minecraft:oak_fence":57,"minecraft:light_blue_stained_glass_pane":22,"minecraft:sea_lantern":30,"minecraft:bread":1,"waystones:mossy_waystone":1,"minecraft:birch_planks":78,"minecraft:lantern":17,"minecraft:oak_stairs":242,"minecraft:grass_block":897,"minecraft:spruce_slab":209,"minecraft:oak_planks":7,"minecraft:spruce_planks":297,"minecraft:torch":5,"minecraft:diamond_block":6,"minecraft:dirt":53,"travelersbackpack:standard":1,"minecraft:oak_slab":11,"minecraft:white_bed":1,"minecraft:smithing_table":1,"minecraft:spruce_stairs":151,"tombstone:gift":1,"minecraft:stripped_oak_log":284,"minecraft:spruce_fence":6,"minecraft:spruce_log":44,"minecraft:stripped_spruce_log":236,"swem:sword_amethyst":24},"minecraft:mined":{"minecraft:grass":1,"minecraft:grass_block":1},"minecraft:picked_up":{"swem:timothy_seeds":7,"minecraft:oak_fence":1,"minecraft:birch_planks":1,"minecraft:spruce_fence":1,"minecraft:enchanted_book":1,"minecraft:birch_stairs":1,"evilcraft:flesh_humanoid":2,"minecraft:lantern":1,"minecraft:dirt":1,"minecraft:stripped_birch_log":1,"minecraft:oak_trapdoor":1,"tombstone:gift":1,"minecraft:bone":1,"travelersbackpack:standard":7,"minecraft:spruce_fence_gate":1,"minecraft:slime_ball":10,"minecraft:wheat_seeds":4,"swem:alfalfa_seeds":4,"minecraft:spruce_slab":1,"swem:oat_seeds":5,"minecraft:spruce_trapdoor":1},"minecraft:dropped":{"minecraft:enchanted_book":1,"minecraft:birch_planks":1,"minecraft:oak_trapdoor":1,"minecraft:spruce_trapdoor":1,"tombstone:gift":1,"minecraft:oak_fence":1,"minecraft:stripped_birch_log":1,"minecraft:spruce_slab":1,"travelersbackpack:standard":9,"minecraft:spruce_fence":1,"minecraft:birch_stairs":1,"evilcraft:flesh_humanoid":1,"minecraft:bread":640,"minecraft:spruce_fence_gate":1}},"DataVersion":3465}