{"stats":{"minecraft:killed":{"minecraft:slime":31},"minecraft:custom":{"minecraft:interact_with_smithing_table":1,"minecraft:mob_kills":31,"minecraft:open_barrel":3,"minecraft:leave_game":10,"minecraft:time_since_death":41040,"minecraft:sleep_in_bed":2,"minecraft:climb_one_cm":527,"minecraft:time_since_rest":40666,"minecraft:waystone_activated":2,"minecraft:sprint_one_cm":242519,"minecraft:damage_taken":57,"minecraft:walk_one_cm":713326,"minecraft:drop":67,"minecraft:damage_dealt":1072,"minecraft:damage_dealt_absorbed":184,"minecraft:fly_one_cm":1787391,"minecraft:open_chest":1,"minecraft:crouch_one_cm":22034,"minecraft:play_time":206827,"minecraft:deaths":14,"minecraft:sneak_time":11495,"minecraft:jump":551,"minecraft:interact_with_blast_furnace":1,"minecraft:walk_on_water_one_cm":10122,"minecraft:total_world_time":206827,"minecraft:fall_one_cm":267},"minecraft:dropped":{"minecraft:enchanted_book":1,"minecraft:bread":640,"minecraft:stripped_spruce_log":3,"minecraft:birch_planks":1,"minecraft:diamond_block":4,"minecraft:oak_trapdoor":1,"minecraft:oak_log":4,"minecraft:oak_fence":1,"tombstone:gift":1,"minecraft:lantern":4,"minecraft:stripped_oak_log":4,"minecraft:quartz_bricks":1,"minecraft:quartz_pillar":1,"minecraft:spruce_stairs":3,"travelersbackpack:standard":9,"minecraft:spruce_fence":1,"minecraft:grass_block":4,"evilcraft:flesh_humanoid":1,"minecraft:spruce_fence_gate":1,"minecraft:sea_lantern":4,"minecraft:spruce_trapdoor":1,"minecraft:spruce_planks":4,"minecraft:quartz_block":1,"minecraft:smooth_quartz":1,"minecraft:stripped_birch_log":1,"minecraft:oak_stairs":3,"minecraft:spruce_slab":4,"minecraft:birch_stairs":1},"minecraft:picked_up":{"minecraft:stripped_oak_log":4,"swem:timothy_seeds":9,"minecraft:oak_stairs":3,"minecraft:birch_planks":1,"minecraft:enchanted_book":1,"minecraft:oak_log":4,"evilcraft:flesh_humanoid":2,"minecraft:stripped_birch_log":1,"minecraft:dirt":1,"minecraft:oak_trapdoor":1,"minecraft:lantern":6,"tombstone:gift":1,"minecraft:bone":1,"minecraft:wheat_seeds":5,"minecraft:spruce_planks":4,"minecraft:smooth_quartz":1,"minecraft:spruce_slab":4,"swem:oat_seeds":5,"minecraft:spruce_trapdoor":1,"minecraft:oak_fence":1,"minecraft:spruce_stairs":3,"minecraft:spruce_fence":1,"minecraft:birch_stairs":1,"minecraft:quartz_pillar":1,"minecraft:stripped_spruce_log":3,"minecraft:grass_block":4,"minecraft:diamond_block":4,"minecraft:sea_lantern":4,"minecraft:quartz_bricks":1,"minecraft:quartz_block":1,"travelersbackpack:standard":7,"minecraft:spruce_fence_gate":1,"minecraft:slime_ball":10,"swem:alfalfa_seeds":5},"minecraft:used":{"minecraft:quartz_bricks":3,"minecraft:oak_fence":166,"minecraft:light_blue_stained_glass_pane":72,"minecraft:birch_planks":78,"minecraft:spruce_slab":360,"minecraft:oak_planks":7,"minecraft:spruce_planks":748,"minecraft:torch":5,"minecraft:diamond_block":12,"minecraft:dirt":57,"minecraft:oak_slab":11,"minecraft:spruce_stairs":210,"untamedwilds:bear_spawn_egg":7,"minecraft:chiseled_quartz_block":3,"minecraft:white_bed":2,"minecraft:spruce_fence":6,"minecraft:light_blue_stained_glass":229,"minecraft:spruce_log":44,"minecraft:stripped_spruce_log":431,"minecraft:oak_log":418,"minecraft:sea_lantern":57,"minecraft:quartz_pillar":3,"minecraft:lantern":17,"minecraft:grass_block":898,"minecraft:oak_stairs":268,"minecraft:bread":1,"minecraft:quartz_block":3,"waystones:mossy_waystone":1,"minecraft:smooth_quartz":3,"travelersbackpack:standard":1,"minecraft:smithing_table":1,"tombstone:gift":1,"minecraft:stripped_oak_log":679,"swem:sword_amethyst":24,"minecraft:splash_potion":14},"minecraft:mined":{"minecraft:grass_block":1,"minecraft:grass":1},"minecraft:crafted":{"travelersbackpack:standard":2}},"DataVersion":3465}