{"stats":{"minecraft:custom":{"minecraft:open_barrel":3,"minecraft:time_since_rest":9180,"minecraft:open_chest":1,"minecraft:waystone_activated":1,"minecraft:crouch_one_cm":7163,"minecraft:sprint_one_cm":15513,"minecraft:play_time":19705,"minecraft:walk_one_cm":121617,"minecraft:sneak_time":2602,"minecraft:drop":9,"minecraft:jump":68,"minecraft:damage_dealt":10,"minecraft:interact_with_blast_furnace":1,"minecraft:leave_game":2,"minecraft:time_since_death":19705,"minecraft:sleep_in_bed":1,"minecraft:climb_one_cm":452,"minecraft:total_world_time":19705,"minecraft:fly_one_cm":474824},"minecraft:picked_up":{"swem:timothy_seeds":6,"minecraft:spruce_fence_gate":1,"minecraft:oak_fence":1,"minecraft:wheat_seeds":3,"minecraft:birch_planks":1,"minecraft:spruce_fence":1,"minecraft:birch_stairs":1,"swem:alfalfa_seeds":3,"minecraft:spruce_slab":1,"swem:oat_seeds":4,"minecraft:stripped_birch_log":1,"minecraft:spruce_trapdoor":1,"minecraft:oak_trapdoor":1},"minecraft:dropped":{"minecraft:stripped_birch_log":1,"minecraft:spruce_slab":1,"minecraft:birch_planks":1,"minecraft:oak_trapdoor":1,"minecraft:spruce_trapdoor":1,"minecraft:spruce_fence":1,"minecraft:birch_stairs":1,"minecraft:oak_fence":1,"minecraft:spruce_fence_gate":1},"minecraft:used":{"minecraft:oak_log":20,"minecraft:torch":5,"minecraft:diamond_block":5,"minecraft:dirt":52,"minecraft:grass_block":742,"minecraft:white_bed":1,"minecraft:oak_fence":8}},"DataVersion":3465}