{"stats":{"minecraft:custom":{"minecraft:jump":19,"minecraft:time_since_rest":2138,"tombstone:undead_killed":1,"minecraft:waystone_activated":2,"minecraft:damage_dealt":141,"minecraft:deaths":1,"minecraft:sprint_one_cm":57695,"minecraft:play_time":6013,"minecraft:damage_taken":566,"minecraft:time_since_death":2649,"minecraft:walk_one_cm":29033,"minecraft:sneak_time":107,"minecraft:total_world_time":6013,"minecraft:mob_kills":1,"minecraft:drop":2,"minecraft:fly_one_cm":5309,"minecraft:leave_game":1},"minecraft:killed":{"minecraft:skeleton":1},"minecraft:used":{"minecraft:bread":4},"minecraft:picked_up":{"travelersbackpack:standard":3,"minecraft:bread":959},"minecraft:dropped":{"minecraft:bread":319,"travelersbackpack:standard":1}},"DataVersion":3465}