{"stats":{"minecraft:killed":{"minecraft:skeleton":1},"minecraft:custom":{"minecraft:jump":19,"minecraft:waystone_activated":2,"minecraft:time_since_rest":4207,"minecraft:leave_game":2,"minecraft:time_since_death":4718,"minecraft:play_time":8082,"minecraft:sprint_one_cm":71952,"minecraft:walk_one_cm":36835,"tombstone:undead_killed":1,"minecraft:deaths":1,"minecraft:sneak_time":381,"minecraft:total_world_time":8082,"minecraft:mob_kills":1,"minecraft:drop":2,"minecraft:fly_one_cm":5447,"minecraft:damage_dealt":141,"minecraft:damage_taken":566},"minecraft:used":{"minecraft:bread":5},"minecraft:picked_up":{"travelersbackpack:standard":3,"minecraft:bread":959},"minecraft:dropped":{"minecraft:bread":319,"travelersbackpack:standard":1}},"DataVersion":3465}